asset_uid,symbol,window_start,window_end,start_block,end_block,head_block,missing,reconciled,dropped_transfers,supply,holders,n_creation,n_destruction,n_issuer_linked,n_residual,n_unresolved,n_all,v_creation,v_destruction,v_issuer_linked,v_residual,v_unresolved,v_all,t_all,t_res,f,x,retained_holders,participation,dormancy,h_all,coverage,h_ret,h_cond,k_all,k_ret,k_cond,assessable
ethereum:0x7712c34205737192402172409a8f7ccef8aa2aec,BUIDL,2025-12-01T00:00:00Z,2026-01-01T00:00:00Z,23914921,24136052,26086416,,true,0,171568651.630349,55,679,7,0,63,0,749,20015235.05,14014789.940000001,0.0,18159635.810100004,0.0,52189660.800100006,0.30419112293628414,0.10584471951919054,2.873937635416302,0.6520453374921109,55,0.2545454545454545,0.8858328822830467,1427.9200009275605,0.9999999999999998,1427.9200009275605,1427.9200009275612,0.8265476863193759,0.8265476863193759,0.8265476863193761,true
ethereum:0x7712c34205737192402172409a8f7ccef8aa2aec,BUIDL,2026-01-01T00:00:00Z,2026-02-01T00:00:00Z,24136053,24358292,26086416,,true,0,171782961.670349,56,627,5,0,38,0,670,5852236.9799999995,5637926.94,0.0,12203016.273517998,0.0,23693180.193517998,0.13792508851363933,0.0710374076384569,1.9415839217501518,0.48495659198774377,56,0.19642857142857142,0.9099043878407389,1423.587326710577,1.0000000000000004,1423.587326710577,1423.5873267105756,0.8266266085369882,0.8266266085369882,0.8266266085369879,true
ethereum:0x7712c34205737192402172409a8f7ccef8aa2aec,BUIDL,2026-02-01T00:00:00Z,2026-03-01T00:00:00Z,24358293,24558867,26086416,,true,0,171865709.360349,56,576,5,0,40,0,621,2582797.41,2500049.7199999997,0.0,6607454.4993900005,0.0,11690301.629390001,0.06801997718392487,0.03844544978740477,1.7692594978095193,0.4347917864857712,56,0.25,0.8484577922179698,1426.6167282515896,1.0000000000000002,1426.6167282515896,1426.616728251589,0.8227928729721611,0.8227928729721611,0.8227928729721609,true
ethereum:0x7712c34205737192402172409a8f7ccef8aa2aec,BUIDL,2026-03-01T00:00:00Z,2026-04-01T00:00:00Z,24558868,24781026,26086416,,true,0,168559713.340349,54,652,6,0,34,0,692,1622623.2899999998,4928619.3100000005,0.0,8471900.25,0.0,15023142.850000001,0.08912653297924088,0.05026052834400519,1.7732908092254747,0.43607670281854516,54,0.1111111111111111,0.9875702164803012,1485.2778357393643,1.0000000000000002,1485.2778357393643,1485.2778357393636,0.8412668975277364,0.8412668975277364,0.8412668975277362,true
ethereum:0x7712c34205737192402172409a8f7ccef8aa2aec,BUIDL,2026-04-01T00:00:00Z,2026-05-01T00:00:00Z,24781027,24996367,26086416,,true,0,147652591.290349,54,590,2,0,19,0,611,6504492.620000001,27411614.67,0.0,31426308.19,0.0,65342415.480000004,0.4425416100656743,0.2128395303825197,2.0792265857302406,0.51905193649263,54,0.07407407407407407,0.8674489197313582,1675.1688719163858,1.0000000000000002,1675.1688719163858,1675.1688719163851,0.8362359373261844,0.8362359373261844,0.8362359373261842,true
ethereum:0x7712c34205737192402172409a8f7ccef8aa2aec,BUIDL,2026-05-01T00:00:00Z,2026-06-01T00:00:00Z,24996368,25218797,26086416,,true,0,178498454.910349,59,604,2,0,35,0,641,35350902.830000006,4505039.21,0.0,20442620.508612,0.0,60298562.548612006,0.33780999717278787,0.1145254759705305,2.9496493623804065,0.6609766527662846,59,0.15254237288135594,0.8872950548595948,1429.4417177282573,0.9999999999999998,1429.4417177282573,1429.441717728258,0.8278206469100247,0.8278206469100247,0.8278206469100249,true
ethereum:0x7712c34205737192402172409a8f7ccef8aa2aec,BUIDL,2026-06-01T00:00:00Z,2026-07-01T00:00:00Z,25218798,25433938,26086416,,true,0,186800390.770349,59,688,2,0,31,0,721,9001935.86,700000.0,0.0,3195660.1887000003,0.0,12897596.0487,0.06904480229142672,0.017107352803285732,4.035972314674284,0.7522282310103747,59,0.11864406779661017,0.9190999517472007,1442.2376836698888,1.0000000000000002,1442.2376836698888,1442.2376836698882,0.8374257614837683,0.8374257614837683,0.8374257614837681,true
ethereum:0x7712c34205737192402172409a8f7ccef8aa2aec,BUIDL,2026-07-01T00:00:00Z,2026-08-01T00:00:00Z,25433939,25656292,26086416,,true,0,224869691.460349,58,729,3,0,32,0,764,39419311.69,1350011.0,0.0,3527855.5692,0.0,44297178.2592,0.19699043464472787,0.01568844403302818,12.556403568767733,0.9203593612993327,58,0.10344827586206896,0.9617033411184025,1617.8138625312085,0.9999999999999998,1617.8138625312085,1617.8138625312092,0.8357370336995272,0.8357370336995272,0.8357370336995275,true
ethereum:0x7712c34205737192402172409a8f7ccef8aa2aec,BUIDL,2026-08-01T00:00:00Z,2026-09-01T00:00:00Z,25656293,25878704,26086416,,true,0,211864943.860349,57,695,2,0,34,0,731,2995252.4,16000000.0,0.0,22115514.919999998,0.0,41110767.31999999,0.19404232984904854,0.10438496580433554,1.8589106999639327,0.4620505438914293,57,0.22807017543859648,0.596663620734045,1436.670178802892,1.0000000000000002,1436.670178802892,1436.6701788028913,0.8181001063783753,0.8181001063783753,0.818100106378375,true
ethereum:0x1b19c19393e2d034d8ff31ff34c81252fcbbee92,OUSG,2025-12-01T00:00:00Z,2026-01-01T00:00:00Z,23914921,24136052,26086416,,true,0,6258086.21274309,61,14,14,14,1,0,43,515095.22318445955,82398.04074056225,82398.04074056225,17587.3726604,0.0,697478.677325984,0.1114523919318555,0.0028103436198414046,39.65792337456053,0.9747843579565371,60,0.03278688524590164,0.9474934489639626,683.1069093412735,0.9460974955348016,654.0521094650665,730.7024525331221,0.7315431000940642,0.7203444131816664,0.7613849699226574,true
ethereum:0x1b19c19393e2d034d8ff31ff34c81252fcbbee92,OUSG,2026-01-01T00:00:00Z,2026-02-01T00:00:00Z,24136053,24358292,26086416,,true,0,5058432.590094637,59,5,15,14,2,0,36,57862.297133511005,1257515.9197819633,1257515.919781963,18804.554932480405,0.0,2591698.691629918,0.5123521259737555,0.0037174667444028536,137.82292114520476,0.9927443128349714,58,0.05084745762711865,0.9369990737824075,653.8885177296335,0.9333140228681649,609.4183222693571,699.6163092692996,0.74425452510301,0.7224840727124957,0.7741060939942076,true
ethereum:0x1b19c19393e2d034d8ff31ff34c81252fcbbee92,OUSG,2026-02-01T00:00:00Z,2026-03-01T00:00:00Z,24358293,24558867,26086416,,true,0,4565790.458423964,55,21,17,18,4,0,60,892557.3480468045,1385199.479717477,1385199.4797174772,18748.060195160466,0.0,3681704.3676769193,0.8063673532989474,0.004106202500066547,196.37788279703182,0.9949077768547206,54,0.07272727272727272,0.9064769570592964,782.6049615676974,0.9261187031911183,728.0205013860768,848.8096326321216,0.8231036479938415,0.7888007893736438,0.8517275233246888,true
ethereum:0x1b19c19393e2d034d8ff31ff34c81252fcbbee92,OUSG,2026-03-01T00:00:00Z,2026-04-01T00:00:00Z,24558868,24781026,26086416,,true,0,2777599.4445071057,56,8,37,38,11,0,94,16236.0641180315,1804427.07803489,1878496.170921745,25987.25480994272,0.0,3725146.5678846086,1.3411388655233722,0.009356012387363595,143.34513572627796,0.9930238302476512,55,0.14285714285714285,0.873424245851291,1004.8283487537541,0.878909428177386,858.1990829104773,1110.9635228487132,0.880538226475642,0.7840220045260702,0.8920395883702306,true
ethereum:0x1b19c19393e2d034d8ff31ff34c81252fcbbee92,OUSG,2026-04-01T00:00:00Z,2026-05-01T00:00:00Z,24781027,24996367,26086416,,true,0,2494916.931351719,49,13,26,26,4,0,69,830195.1954068277,1112877.7085622142,1038808.6156753593,876416.6034122802,0.0,3858298.1230566814,1.5464635614005382,0.35128087528647584,4.4023562630313124,0.77284891538709,48,0.02040816326530612,0.8953035952163438,1697.8080483237004,0.8651894574913501,1516.0692246089363,2025.3337239104728,0.9270739938285547,0.805550680370142,0.9310685346373347,true
ethereum:0x1b19c19393e2d034d8ff31ff34c81252fcbbee92,OUSG,2026-05-01T00:00:00Z,2026-06-01T00:00:00Z,24996368,25218797,26086416,,true,0,2125391.0863498794,50,16,25,25,6,0,72,261129.61914177006,630655.4641436096,630655.4641436096,80339.58144020778,0.0,1602780.128869197,0.7541106853994537,0.037799905135662344,19.950068199721155,0.9498748580712132,49,0.06,0.9754981502127094,1644.3687593956936,0.8417509571816408,1393.941163866425,1967.329958408904,0.9330481928900131,0.7903965302155206,0.9389909491305295,true
ethereum:0x1b19c19393e2d034d8ff31ff34c81252fcbbee92,OUSG,2026-06-01T00:00:00Z,2026-07-01T00:00:00Z,25218798,25433938,26086416,,true,0,1548453.016208408,50,16,22,23,5,0,66,672078.67786914,1249016.7480106119,1249016.7480106119,61872.031477491255,0.0,3231984.205367855,2.0872342728756443,0.03995731922754305,52.236594276747404,0.9808563323500372,49,0.02,0.9115031591876869,1359.150350339595,0.7827889503208068,887.3439493122262,1448.1135558458675,0.9387577516438796,0.7350906531380016,0.9390662104220336,true
ethereum:0x1b19c19393e2d034d8ff31ff34c81252fcbbee92,OUSG,2026-07-01T00:00:00Z,2026-08-01T00:00:00Z,25433939,25656292,26086416,,true,0,1428699.5555016405,53,15,17,17,6,0,55,108389.01437510656,228142.4750818738,228142.4750818738,86308.73169692185,0.0,650982.6962357761,0.4556470209072089,0.06041069402210138,7.542489426466603,0.867417779003972,52,0.07547169811320754,0.7108704743626783,1371.8953382840566,0.7645834210344026,817.685681765403,1398.738856620342,0.9276845145055239,0.7069471394109851,0.924617405978485,true
ethereum:0x1b19c19393e2d034d8ff31ff34c81252fcbbee92,OUSG,2026-08-01T00:00:00Z,2026-09-01T00:00:00Z,25656293,25878704,26086416,,true,0,1205046.6744795376,50,7,9,10,3,0,29,40611.56158154907,264264.44260365213,264264.4426036521,67827.75122766188,0.0,636968.1980165151,0.5285838395360272,0.0562864100321731,9.390967361995385,0.8935146975329791,49,0.04,0.9925829022316826,1680.3099312549402,0.720890842779072,901.2907148091729,1734.3066094782419,0.9680570035875139,0.6961814340322896,0.9657237860706812,true
ethereum:0x48ab4e39ac59f4e88974804b04a991b3a402717f,FDIT,2025-12-01T00:00:00Z,2026-01-01T00:00:00Z,23914921,24136052,26086416,,true,0,264067137.03,4,5,2,0,6,0,13,754136.5900000001,200.0,0.0,13807260.67,0.0,14561597.26,0.05514354199381384,0.05228693288113088,1.0546333272058084,0.05180314882572157,4,1.0,0.0,8844.997285477108,1.0,8844.997285477108,8844.997285477108,0.9999999999999999,0.9999999999999999,0.9999999999999999,true
ethereum:0x48ab4e39ac59f4e88974804b04a991b3a402717f,FDIT,2026-01-01T00:00:00Z,2026-02-01T00:00:00Z,24136053,24358292,26086416,,true,0,160364288.23,3,3,10,0,12,0,25,821685.8400000001,104524534.64,0.0,92293096.4,0.0,197639316.88,1.2324397099966475,0.5755215043116712,2.141431207632557,0.5330225895486307,3,1.0,0.0,9627.972053144758,1.0,9627.972053144758,9627.972053144758,1.0,1.0,1.0,true
ethereum:0x48ab4e39ac59f4e88974804b04a991b3a402717f,FDIT,2026-02-01T00:00:00Z,2026-03-01T00:00:00Z,24358293,24558867,26086416,,true,0,179358279.23,3,8,2,0,10,0,20,26249602.41,7255611.409999999,0.0,33505213.819999997,0.0,67010427.64,0.3736121238879038,0.18680606194395188,2.0000000000000004,0.5,3,1.0,0.0,9665.860291906301,1.0,9665.860291906301,9665.860291906301,1.0,1.0,1.0,true
ethereum:0x48ab4e39ac59f4e88974804b04a991b3a402717f,FDIT,2026-03-01T00:00:00Z,2026-04-01T00:00:00Z,24558868,24781026,26086416,,true,0,166677016.99,4,4,7,0,12,0,23,8460103.17,21141365.41,0.0,34351468.58,0.0,63952937.16,0.383693794830975,0.20609601251779636,1.8617235246016373,0.462863316284315,4,1.0,0.0,9210.189249632327,1.0,9210.189249632327,9210.189249632327,1.0,1.0,1.0,true
ethereum:0x48ab4e39ac59f4e88974804b04a991b3a402717f,FDIT,2026-04-01T00:00:00Z,2026-05-01T00:00:00Z,24781027,24996367,26086416,,true,0,152376506.55,4,8,6,0,10,0,24,28092383.580000002,42392894.019999996,0.0,61471696.730000004,0.0,131956974.33,0.8659929100468013,0.403419779871571,2.146629771902832,0.5341534841783303,4,1.0,0.0,9568.16536509138,0.9999999999999999,9568.16536509138,9568.165365091381,0.9999999999999999,0.9999999999999999,1.0,true
ethereum:0x48ab4e39ac59f4e88974804b04a991b3a402717f,FDIT,2026-05-01T00:00:00Z,2026-06-01T00:00:00Z,24996368,25218797,26086416,,true,0,138917202.72,3,4,4,0,9,0,17,7292686.1,20751989.93,0.0,29332256.9,0.0,57376932.93,0.4130297170297067,0.211149204890929,1.9561035867649177,0.4887796296852356,3,1.0,0.0,9707.099613036436,1.0,9707.099613036436,9707.099613036436,1.0000000000000002,1.0000000000000002,1.0000000000000002,true
ethereum:0x48ab4e39ac59f4e88974804b04a991b3a402717f,FDIT,2026-06-01T00:00:00Z,2026-07-01T00:00:00Z,25218798,25433938,26086416,,true,0,100428489.29,4,5,4,0,10,0,19,12077814.92,50566528.35,0.0,90644343.27000001,0.0,153288686.54000002,1.5263466335469758,0.9025759912434107,1.6911004152063067,0.40866905891096694,4,1.0,0.0,5688.524050275269,0.9999999999999999,5688.524050275269,5688.5240502752695,0.9999999999999999,0.9999999999999999,1.0,true
ethereum:0x48ab4e39ac59f4e88974804b04a991b3a402717f,FDIT,2026-07-01T00:00:00Z,2026-08-01T00:00:00Z,25433939,25656292,26086416,,true,0,63287229.17,3,9,6,0,12,0,27,18799171.1,55940431.22,0.0,40139602.32000001,0.0,114879204.64,1.815203574980592,0.6342448997439653,2.8619915993228497,0.6505929646206505,3,1.0,0.0,9362.104333845862,1.0,9362.104333845862,9362.104333845862,1.0,1.0,1.0,true
ethereum:0x48ab4e39ac59f4e88974804b04a991b3a402717f,FDIT,2026-08-01T00:00:00Z,2026-09-01T00:00:00Z,25656293,25878704,26086416,,true,0,47065431.52,3,4,5,0,8,0,17,217517.13999999998,16439314.79,0.0,32656827.93,0.0,49313659.86,1.0477681446316844,0.693860161807351,1.5100566400908246,0.33777318449468663,3,1.0,0.0,5231.290928603514,1.0,5231.290928603514,5231.290928603514,1.0,1.0,1.0,true
ethereum:0x252739487c1fa66eaeae7ced41d6358ab2a6bca9,RCOIN,2025-12-01T00:00:00Z,2026-01-01T00:00:00Z,23914921,24136052,26086416,,true,0,444163.75983121,22,33,0,0,0,0,33,4236.258512430001,0.0,0.0,0.0,0.0,4236.258512430001,0.009537605035673899,0.0,,1.0,22,0.0,0.9999999999999996,8385.040576844094,1.0,8385.040576844094,8385.040576844094,0.973196858611846,0.973196858611846,0.973196858611846,true
ethereum:0x252739487c1fa66eaeae7ced41d6358ab2a6bca9,RCOIN,2026-01-01T00:00:00Z,2026-02-01T00:00:00Z,24136053,24358292,26086416,,true,0,444163.75983121,22,0,0,0,0,0,0,0.0,0.0,0.0,0.0,0.0,0.0,0.0,0.0,,,22,0.0,0.9999999999999996,8385.040576844094,1.0,8385.040576844094,8385.040576844094,0.973196858611846,0.973196858611846,0.973196858611846,true
ethereum:0x252739487c1fa66eaeae7ced41d6358ab2a6bca9,RCOIN,2026-02-01T00:00:00Z,2026-03-01T00:00:00Z,24358293,24558867,26086416,,true,0,444163.75983121,22,0,0,0,0,0,0,0.0,0.0,0.0,0.0,0.0,0.0,0.0,0.0,,,22,0.0,0.9999999999999996,8385.040576844094,1.0,8385.040576844094,8385.040576844094,0.973196858611846,0.973196858611846,0.973196858611846,true
ethereum:0x252739487c1fa66eaeae7ced41d6358ab2a6bca9,RCOIN,2026-03-01T00:00:00Z,2026-04-01T00:00:00Z,24558868,24781026,26086416,,true,0,447583.82078194,22,33,0,0,0,0,33,3420.0609507299996,0.0,0.0,0.0,0.0,3420.0609507299996,0.0076411630446227225,0.0,,1.0,22,0.0,1.0000000000000002,8385.039673535219,0.9999999999999997,8385.039673535219,8385.039673535224,0.9731945887674405,0.9731945887674405,0.9731945887674408,true
ethereum:0x252739487c1fa66eaeae7ced41d6358ab2a6bca9,RCOIN,2026-04-01T00:00:00Z,2026-05-01T00:00:00Z,24781027,24996367,26086416,,true,0,447583.82078194,22,0,0,0,0,0,0,0.0,0.0,0.0,0.0,0.0,0.0,0.0,0.0,,,22,0.0,1.0000000000000002,8385.039673535219,0.9999999999999997,8385.039673535219,8385.039673535224,0.9731945887674405,0.9731945887674405,0.9731945887674408,true
ethereum:0x252739487c1fa66eaeae7ced41d6358ab2a6bca9,RCOIN,2026-05-01T00:00:00Z,2026-06-01T00:00:00Z,24996368,25218797,26086416,,true,0,448583.82078194,23,1,0,0,0,0,1,1000.0,0.0,0.0,0.0,0.0,1000.0,0.0022292377782526123,0.0,,1.0,23,0.0,1.0000000000000002,8347.746543584804,0.9999999999999999,8347.746543584804,8347.746543584806,0.9710251066245693,0.9710251066245693,0.9710251066245694,true
ethereum:0x252739487c1fa66eaeae7ced41d6358ab2a6bca9,RCOIN,2026-06-01T00:00:00Z,2026-07-01T00:00:00Z,25218798,25433938,26086416,,true,0,452082.77458404,25,34,0,0,0,0,34,3498.9538021,0.0,0.0,0.0,0.0,3498.9538021,0.007739630879144592,0.0,,1.0,25,0.0,1.0000000000000004,8347.704099937759,1.0,8347.704099937759,8347.704099937759,0.9709285361994328,0.9709285361994328,0.9709285361994328,true
ethereum:0x252739487c1fa66eaeae7ced41d6358ab2a6bca9,RCOIN,2026-07-01T00:00:00Z,2026-08-01T00:00:00Z,25433939,25656292,26086416,,true,0,452082.77458404,25,0,0,0,0,0,0,0.0,0.0,0.0,0.0,0.0,0.0,0.0,0.0,,,25,0.0,1.0000000000000004,8347.704099937759,1.0,8347.704099937759,8347.704099937759,0.9709285361994328,0.9709285361994328,0.9709285361994328,true
ethereum:0x252739487c1fa66eaeae7ced41d6358ab2a6bca9,RCOIN,2026-08-01T00:00:00Z,2026-09-01T00:00:00Z,25656293,25878704,26086416,,true,0,452082.77458404,25,0,0,0,0,0,0,0.0,0.0,0.0,0.0,0.0,0.0,0.0,0.0,,,25,0.0,1.0000000000000004,8347.704099937759,1.0,8347.704099937759,8347.704099937759,0.9709285361994328,0.9709285361994328,0.9709285361994328,true
ethereum:0x59d9356e565ab3a36dd77763fc0d87feaf85508c,USDM,2025-12-01T00:00:00Z,2026-01-01T00:00:00Z,23914921,24136052,26086416,,false,15,470026.16286901874,1527,4,0,0,143,0,147,2753.7810189655524,0.0,0.0,34465.64842128921,0.0,37219.42944025476,0.0791858674697362,0.07332708505184568,1.0798992952433344,0.07398772792543651,,,,,,,,,,,
ethereum:0x59d9356e565ab3a36dd77763fc0d87feaf85508c,USDM,2026-01-01T00:00:00Z,2026-02-01T00:00:00Z,24136053,24358292,26086416,,false,15,477339.06779263326,1538,3,0,0,105,0,108,7312.904923614493,0.0,0.0,17203.376866439743,0.0,24516.281790054236,0.05136030851911048,0.03604016102430835,1.4250854341208132,0.2982876843331599,,,,,,,,,,,
ethereum:0x59d9356e565ab3a36dd77763fc0d87feaf85508c,USDM,2026-02-01T00:00:00Z,2026-03-01T00:00:00Z,24358293,24558867,26086416,,false,15,479487.5878475896,1551,7,0,0,146,0,153,2148.5200549563433,0.0,0.0,50804.188631982055,0.0,52952.7086869384,0.11043603636257213,0.10595516947590045,1.0422902148978286,0.04057431825930957,,,,,,,,,,,
ethereum:0x59d9356e565ab3a36dd77763fc0d87feaf85508c,USDM,2026-03-01T00:00:00Z,2026-04-01T00:00:00Z,24558868,24781026,26086416,,false,15,479760.13658234023,1557,2,0,0,85,0,87,272.5487347506747,0.0,0.0,27649.22804031162,0.0,27921.776775062295,0.058199451446650445,0.057631357697361,1.0098573723054152,0.009761152986299093,,,,,,,,,,,
ethereum:0x59d9356e565ab3a36dd77763fc0d87feaf85508c,USDM,2026-04-01T00:00:00Z,2026-05-01T00:00:00Z,24781027,24996367,26086416,,false,15,483474.52550123254,1564,3,0,0,85,0,88,3714.388918892258,0.0,0.0,36760.41375388719,0.0,40474.80267277944,0.08371651563403057,0.07603381732631427,1.101043174969691,0.09177040216653842,,,,,,,,,,,
ethereum:0x59d9356e565ab3a36dd77763fc0d87feaf85508c,USDM,2026-05-01T00:00:00Z,2026-06-01T00:00:00Z,24996368,25218797,26086416,,false,15,484527.1552573694,1568,1,0,0,50,0,51,1052.629756136875,0.0,0.0,6392.588867907802,0.0,7445.218624044676,0.015365947074916682,0.013193458402784896,1.1646640786522824,0.14138332388754282,,,,,,,,,,,
ethereum:0x59d9356e565ab3a36dd77763fc0d87feaf85508c,USDM,2026-06-01T00:00:00Z,2026-07-01T00:00:00Z,25218798,25433938,26086416,,false,15,488773.6624224906,1577,6,0,0,51,0,57,4246.507165121235,0.0,0.0,11176.54651462024,0.0,15423.053679741475,0.0315545923716527,0.022866507289337853,1.3799480599455567,0.275335044103433,,,,,,,,,,,
ethereum:0x59d9356e565ab3a36dd77763fc0d87feaf85508c,USDM,2026-07-01T00:00:00Z,2026-08-01T00:00:00Z,25433939,25656292,26086416,,false,15,488773.6624224906,1589,0,1,0,275,0,276,0.0,2e-18,0.0,6868.739839152357,0.0,6868.739839152357,0.014053007285844901,0.014053007285844901,1.0,0.0,,,,,,,,,,,
ethereum:0x59d9356e565ab3a36dd77763fc0d87feaf85508c,USDM,2026-08-01T00:00:00Z,2026-09-01T00:00:00Z,25656293,25878704,26086416,,false,15,490822.86757058476,1597,2,0,0,101,0,103,2049.205148094131,0.0,0.0,17361.886539527077,0.0,19411.091687621207,0.039548058923374665,0.03537301883561952,1.1180289448055538,0.10556877382640684,,,,,,,,,,,
ethereum:0x917991d52aa2fc1b5612a6aa5e4e81d580f97532,ZTLN,2025-12-01T00:00:00Z,2026-01-01T00:00:00Z,23914921,24136052,26086416,,true,0,150000000.0,2,0,0,0,0,0,0,0.0,0.0,0.0,0.0,0.0,0.0,0.0,0.0,,,1,0.0,1.0,5556.053489299911,0.33325866,1110.613344649956,,1.0,0.33325866,,false
ethereum:0x917991d52aa2fc1b5612a6aa5e4e81d580f97532,ZTLN,2026-01-01T00:00:00Z,2026-02-01T00:00:00Z,24136053,24358292,26086416,,true,0,150000000.0,2,0,0,0,0,0,0,0.0,0.0,0.0,0.0,0.0,0.0,0.0,0.0,,,1,0.0,1.0,5556.053489299911,0.33325866,1110.613344649956,,1.0,0.33325866,,false
ethereum:0x917991d52aa2fc1b5612a6aa5e4e81d580f97532,ZTLN,2026-02-01T00:00:00Z,2026-03-01T00:00:00Z,24358293,24558867,26086416,,true,0,150000000.0,2,0,0,0,0,0,0,0.0,0.0,0.0,0.0,0.0,0.0,0.0,0.0,,,1,0.0,1.0,5556.053489299911,0.33325866,1110.613344649956,,1.0,0.33325866,,false
ethereum:0x917991d52aa2fc1b5612a6aa5e4e81d580f97532,ZTLN,2026-03-01T00:00:00Z,2026-04-01T00:00:00Z,24558868,24781026,26086416,,true,0,150000000.0,2,0,0,0,0,0,0,0.0,0.0,0.0,0.0,0.0,0.0,0.0,0.0,,,1,0.0,1.0,5556.053489299911,0.33325866,1110.613344649956,,1.0,0.33325866,,false
ethereum:0x917991d52aa2fc1b5612a6aa5e4e81d580f97532,ZTLN,2026-04-01T00:00:00Z,2026-05-01T00:00:00Z,24781027,24996367,26086416,,true,0,150000000.0,2,0,0,0,0,0,0,0.0,0.0,0.0,0.0,0.0,0.0,0.0,0.0,,,1,0.0,1.0,5556.053489299911,0.33325866,1110.613344649956,,1.0,0.33325866,,false
ethereum:0x917991d52aa2fc1b5612a6aa5e4e81d580f97532,ZTLN,2026-05-01T00:00:00Z,2026-06-01T00:00:00Z,24996368,25218797,26086416,,true,0,150000000.0,2,0,0,0,0,0,0,0.0,0.0,0.0,0.0,0.0,0.0,0.0,0.0,,,1,0.0,1.0,5556.053489299911,0.33325866,1110.613344649956,,1.0,0.33325866,,false
ethereum:0x917991d52aa2fc1b5612a6aa5e4e81d580f97532,ZTLN,2026-06-01T00:00:00Z,2026-07-01T00:00:00Z,25218798,25433938,26086416,,true,0,150000000.0,2,0,0,0,0,0,0,0.0,0.0,0.0,0.0,0.0,0.0,0.0,0.0,,,1,0.0,1.0,5556.053489299911,0.33325866,1110.613344649956,,1.0,0.33325866,,false
ethereum:0x917991d52aa2fc1b5612a6aa5e4e81d580f97532,ZTLN,2026-07-01T00:00:00Z,2026-08-01T00:00:00Z,25433939,25656292,26086416,,true,0,150000000.0,2,0,0,0,0,0,0,0.0,0.0,0.0,0.0,0.0,0.0,0.0,0.0,,,1,0.0,1.0,5556.053489299911,0.33325866,1110.613344649956,,1.0,0.33325866,,false
ethereum:0x917991d52aa2fc1b5612a6aa5e4e81d580f97532,ZTLN,2026-08-01T00:00:00Z,2026-09-01T00:00:00Z,25656293,25878704,26086416,,true,0,150000000.0,2,0,0,0,0,0,0,0.0,0.0,0.0,0.0,0.0,0.0,0.0,0.0,,,1,0.0,1.0,5556.053489299911,0.33325866,1110.613344649956,,1.0,0.33325866,,false
ethereum:0x136471a34f6ef19fe571effc1ca711fdb8e49f2b,USYC,2025-12-01T00:00:00Z,2026-01-01T00:00:00Z,23914921,24136052,26086416,,true,0,101404105.270722,40,57,66,4,46,0,173,306660039.619076,324764228.840247,4.503836,328898523.619352,0.0,960322796.582511,9.470255607686735,3.2434438698638517,2.9198148596554137,0.6575125314219352,39,0.175,0.2942650864073596,4558.6900138461815,0.38399999867465673,764.1299975179513,,0.9957292259326601,0.3806263850027577,,false
ethereum:0x136471a34f6ef19fe571effc1ca711fdb8e49f2b,USYC,2026-01-01T00:00:00Z,2026-02-01T00:00:00Z,24136053,24358292,26086416,,true,0,105596313.830121,35,51,50,5,25,0,131,343785767.750585,339593559.1911859,449269.837791,208108079.967522,0.0,891936676.7470839,8.446664891939268,1.970789248404236,4.285930065215547,0.7666784140702706,34,0.08571428571428572,0.5149759210165007,3101.377174702113,0.5798312912752065,1335.959736787508,3973.654209996755,0.9933023500278925,0.5757303457806918,0.9929273470469392,true
ethereum:0x136471a34f6ef19fe571effc1ca711fdb8e49f2b,USYC,2026-02-01T00:00:00Z,2026-03-01T00:00:00Z,24358293,24558867,26086416,,true,0,101202008.566485,30,41,44,0,39,0,124,342408661.71423304,346802966.9778691,0.0,285109035.755207,0.0,974320664.4473093,9.627483468445451,2.8172270471084935,3.417361578409796,0.707376589495885,29,0.16666666666666666,0.5876816211786052,3080.4127363281987,0.6775957252255527,2040.967572399825,4445.235659556893,0.9962441318156419,0.6747388090330835,0.9957837452538264,true
ethereum:0x136471a34f6ef19fe571effc1ca711fdb8e49f2b,USYC,2026-03-01T00:00:00Z,2026-04-01T00:00:00Z,24558868,24781026,26086416,,true,0,118784362.823898,32,62,46,0,43,0,151,750568672.5939484,732986318.3365351,0.0,739557034.1140432,0.0,2223112025.0445266,18.71552763506732,6.226047069936828,3.006004841408502,0.6673325384494599,31,0.125,0.6881930188179329,3496.8076867950513,0.7281898650664878,2758.00019226931,5201.217700449704,0.9952565168501147,0.7257547869492288,0.9966559846077553,true
ethereum:0x136471a34f6ef19fe571effc1ca711fdb8e49f2b,USYC,2026-04-01T00:00:00Z,2026-05-01T00:00:00Z,24781027,24996367,26086416,,true,0,98122821.131956,30,36,23,1,17,0,77,211447525.13517997,232109066.827122,89.051014,218572027.93359998,0.0,662128708.946916,6.7479583374033085,2.227535097463855,3.0293387274059795,0.6698949539867735,29,0.16666666666666666,0.5991025831408967,3029.6209966096053,0.7014134409278275,2138.081664024006,4345.863900257255,0.9975614764165797,0.6999020793046372,0.9978452628150508,true
ethereum:0x136471a34f6ef19fe571effc1ca711fdb8e49f2b,USYC,2026-05-01T00:00:00Z,2026-06-01T00:00:00Z,24996368,25218797,26086416,,true,0,102145652.505702,33,31,17,0,4,0,52,104986223.938485,100963392.564739,0.0,58262720.567923,0.0,264212337.07114702,2.5866234204769323,0.5703886473745972,4.534843798842638,0.7794852382224906,32,0.06060606060606061,0.9829210361744999,2891.351919450539,0.7131727605674699,2068.6532666456797,4067.2251015152133,0.9907480843622567,0.7076614785742342,0.9922721641964418,true
ethereum:0x136471a34f6ef19fe571effc1ca711fdb8e49f2b,USYC,2026-06-01T00:00:00Z,2026-07-01T00:00:00Z,25218798,25433938,26086416,,true,0,75527087.734723,34,52,30,1,24,0,107,378308899.8802129,404927464.651192,1.150809,268825741.3496411,0.0,1052062107.0318551,13.929599810958653,3.559328837010758,3.9135467524425733,0.7444773083710148,33,0.11764705882352941,0.5971818800036699,2305.6144133704183,0.6116863048389648,797.7391548742432,2132.0795005311593,0.9866035657860823,0.6033488431852632,0.9863697101148985,true
ethereum:0x136471a34f6ef19fe571effc1ca711fdb8e49f2b,USYC,2026-07-01T00:00:00Z,2026-08-01T00:00:00Z,25433939,25656292,26086416,,true,0,79692789.829606,27,32,22,0,18,0,72,194051768.495356,189886066.400473,0.0,48827344.531569,0.0,432765179.42739797,5.430418239249858,0.6126946319230194,8.863172543565144,0.887173583151552,26,0.18518518518518517,0.9236387916355986,2170.473715802016,0.6319842411624732,816.1177282744085,2043.3384808494898,0.9940494605805253,0.6308282316524161,0.9981708254181612,true
ethereum:0x136471a34f6ef19fe571effc1ca711fdb8e49f2b,USYC,2026-08-01T00:00:00Z,2026-09-01T00:00:00Z,25656293,25878704,26086416,,true,0,38809332.514843,25,39,45,0,28,0,112,181583692.051374,222467149.366137,0.0,19123273.018042,0.0,423174114.43555295,10.903926633463895,0.4927493409150523,22.128749301247026,0.9548099177957767,24,0.12,0.6117647685047294,2507.0259627291202,0.6825471630116017,1499.262925609295,3218.1958464767754,0.9999703467318444,0.6825377857023459,0.9999862613021283,true
ethereum:0x43415eb6ff9db7e26a15b704e7a3edce97d31c4e,USTB,2025-12-01T00:00:00Z,2026-01-01T00:00:00Z,23914921,24136052,26086416,,true,0,47709603.245555,66,157,494,449,251,0,1351,18899427.573713,25011957.074359,10782807.732832,26782132.767112996,0.0,81476325.148017,1.7077552443408337,0.5613572728590701,3.042189576778796,0.6712893872120738,65,0.21212121212121213,0.25281364425391156,1932.6887199180076,0.9364436200660605,1892.2945856149352,2157.8709894695007,0.8410815743329119,0.7928405477656991,0.8466505946292516,true
ethereum:0x43415eb6ff9db7e26a15b704e7a3edce97d31c4e,USTB,2026-01-01T00:00:00Z,2026-02-01T00:00:00Z,24136053,24358292,26086416,,true,0,57979939.57409,69,153,550,511,269,0,1483,21007741.519733,10737405.191197999,4935139.839356,13527018.590851001,0.0,50207305.141138,0.8659426951796028,0.23330515157859769,3.7116312662640762,0.730576684950026,68,0.2753623188405797,0.5758532365492213,1736.6188862124052,0.9482074516987776,1709.794205617061,1901.678572195295,0.8394616153450675,0.8022905525722961,0.8461128955851785,true
ethereum:0x43415eb6ff9db7e26a15b704e7a3edce97d31c4e,USTB,2026-02-01T00:00:00Z,2026-03-01T00:00:00Z,24358293,24558867,26086416,,true,0,62732419.111998,68,153,713,645,506,0,2017,39666278.937966,34913799.400058,4789907.407949001,14388911.19105,0.0,93758896.93702298,1.4945844312114367,0.22936962091898708,6.516052235789853,0.8465328447633625,67,0.23529411764705882,0.5788381096804874,1338.1964621072275,0.9342881622101739,1295.0160058500635,1483.5884504349858,0.8634184244398557,0.8131100574628934,0.8702990044735035,true
ethereum:0x43415eb6ff9db7e26a15b704e7a3edce97d31c4e,USTB,2026-03-01T00:00:00Z,2026-04-01T00:00:00Z,24558868,24781026,26086416,,true,0,56480796.334761,75,218,642,594,374,0,1828,36137478.796346,42389101.573583,7072775.189279,23388641.803155,0.0,108987997.36236301,1.9296469673761762,0.41409900923724235,4.659868592611526,0.7854016738614573,74,0.21333333333333335,0.41692581626800174,786.6022320309559,0.9280829502960442,734.8816116497438,853.1861400903375,0.7820046287388256,0.7409741910825183,0.7983922028156631,true
ethereum:0x43415eb6ff9db7e26a15b704e7a3edce97d31c4e,USTB,2026-04-01T00:00:00Z,2026-05-01T00:00:00Z,24781027,24996367,26086416,,true,0,72095545.82585,77,189,299,248,204,0,940,73982846.68646199,58368097.195373,4004807.172092,23911558.259307,0.0,160267309.31323397,2.222984894245295,0.3316648481595026,6.702503767225365,0.8508020234334057,76,0.1038961038961039,0.48188436991480954,1186.7163168151194,0.9372229487374348,1147.306735162892,1306.151985080462,0.8683702835850732,0.8213373498117332,0.8763521539012515,true
ethereum:0x43415eb6ff9db7e26a15b704e7a3edce97d31c4e,USTB,2026-05-01T00:00:00Z,2026-06-01T00:00:00Z,24996368,25218797,26086416,,true,0,68104031.345819,78,217,470,387,354,0,1428,45401645.33477,49393159.814801,5584208.901501999,17450737.886965998,0.0,117829751.938039,1.7301435702054477,0.25623648911992525,6.752135795131411,0.8518987131862715,77,0.10256410256410256,0.5503342073250992,994.0919206283131,0.9413745448690516,959.7224807352051,1082.9808236747845,0.8317427927852692,0.7982669514325096,0.847980175142245,true
ethereum:0x43415eb6ff9db7e26a15b704e7a3edce97d31c4e,USTB,2026-06-01T00:00:00Z,2026-07-01T00:00:00Z,25218798,25433938,26086416,,true,0,65009068.546852,82,222,710,597,604,0,2133,63210360.18062701,66305322.97959401,7042105.441347,23433183.035786,0.0,159990971.63735402,2.461056206674437,0.36046021823705593,6.827539024170285,0.8535343413695794,81,0.15853658536585366,0.715817552137061,1738.3530929145015,0.9309565043747521,1690.6830500329656,1950.7580936443085,0.8890372999988428,0.8339840166857055,0.8958356408346112,true
ethereum:0x43415eb6ff9db7e26a15b704e7a3edce97d31c4e,USTB,2026-07-01T00:00:00Z,2026-08-01T00:00:00Z,25433939,25656292,26086416,,true,0,66296541.68819,79,182,620,571,563,0,1936,23860691.045606,22573217.904268,10518534.602331,16336179.346572,0.0,73288622.898777,1.1054667563727922,0.2464107317000837,4.486276830338298,0.7770980173943941,78,0.1518987341772152,0.7457828637665681,1604.8300991019637,0.9301551238651131,1556.047031878987,1798.5062607117197,0.8727190712653993,0.8206835246008206,0.8823082339111346,true
ethereum:0x43415eb6ff9db7e26a15b704e7a3edce97d31c4e,USTB,2026-08-01T00:00:00Z,2026-09-01T00:00:00Z,25656293,25878704,26086416,,true,0,56843667.511008,79,205,775,722,750,0,2452,21601934.428556003,31054808.605738003,7947433.764596001,14378208.303695,0.0,74982385.10258502,1.3190982986462718,0.2529430090152189,5.215002002948836,0.8082455194773563,78,0.16455696202531644,0.6288348614981747,1056.2758991998667,0.8892741898708748,933.6738489123554,1180.65719934403,0.8464717567669968,0.7561932251307119,0.8503487830232802,true
ethereum:0xdd629e5241cbc5919847783e6c96b2de4754e438,mTBILL,2025-12-01T00:00:00Z,2026-01-01T00:00:00Z,23914921,24136052,26086416,,true,0,35283559.984405525,222,63,221,117,118,0,519,35231944.640057355,8087640.127119489,100544.88775142154,21285008.497139506,0.0,64705138.15206777,1.8338608173513633,0.6032556949057001,3.0399395029963694,0.6710460852874431,222,0.05405405405405406,0.5429347515370501,3980.322825822657,0.9999999999999999,3980.322825822657,3980.3228258226577,0.9997827709173004,0.9997827709173004,0.9997827709173005,true
ethereum:0xdd629e5241cbc5919847783e6c96b2de4754e438,mTBILL,2026-01-01T00:00:00Z,2026-02-01T00:00:00Z,24136053,24358292,26086416,,true,0,35297025.49017617,218,34,251,125,144,0,554,1628309.461920593,1614843.956149945,678850.0090894563,936173.2807797273,0.0,4858176.707939722,0.13763700029884512,0.02652272444430996,5.189399022255159,0.8072994588175975,218,0.06880733944954129,0.7768289045180248,3979.432541427874,1.0000000000000002,3979.432541427874,3979.4325414278724,0.9997603415447405,0.9997603415447405,0.9997603415447402,true
ethereum:0xdd629e5241cbc5919847783e6c96b2de4754e438,mTBILL,2026-02-01T00:00:00Z,2026-03-01T00:00:00Z,24358293,24558867,26086416,,true,0,44375142.46558708,216,41,175,74,113,0,403,15625227.966207255,6547110.990796355,859881.711006238,5686152.422365329,0.0,28718373.090375178,0.6471725271112374,0.12813823475101946,5.050580947745487,0.8020029754307003,216,0.05092592592592592,0.662292119845317,2938.0973484421247,1.0000000000000002,2938.0973484421247,2938.0973484421233,0.9997641319555015,0.9997641319555015,0.9997641319555013,true
ethereum:0xdd629e5241cbc5919847783e6c96b2de4754e438,mTBILL,2026-03-01T00:00:00Z,2026-04-01T00:00:00Z,24558868,24781026,26086416,,true,0,43764849.41860101,230,79,278,115,171,0,643,4644956.059636897,5255249.106622961,2624006.362227359,2496775.374873778,0.0,15020986.903360995,0.3432203492736513,0.0570497878558356,6.0161546987863765,0.8337808699962905,230,0.06956521739130435,0.675430231218876,2966.8117912913212,1.0,2966.8117912913212,2966.8117912913212,0.9983482457690542,0.9983482457690542,0.9983482457690542,true
ethereum:0xdd629e5241cbc5919847783e6c96b2de4754e438,mTBILL,2026-04-01T00:00:00Z,2026-05-01T00:00:00Z,24781027,24996367,26086416,,true,0,48952337.61063817,232,61,126,67,115,0,369,5651487.772059282,463999.58002212364,157909.19471216618,353509.2357144081,0.0,6626905.78250798,0.13537465432637155,0.007221498563075455,18.74606124254616,0.9466554607359121,232,0.05172413793103448,0.443406500671823,2890.9528735447448,0.9999999999999999,2890.9528735447448,2890.952873544745,0.9987701954735931,0.9987701954735931,0.9987701954735932,true
ethereum:0xdd629e5241cbc5919847783e6c96b2de4754e438,mTBILL,2026-05-01T00:00:00Z,2026-06-01T00:00:00Z,24996368,25218797,26086416,,true,0,43435614.33231067,242,50,151,77,122,0,400,1346141.132392303,6862864.410719802,585741.7852756658,6219283.6147012,0.0,15014030.943088971,0.3456617610659741,0.14318396804796268,2.414109385138614,0.5857685628679241,242,0.06198347107438017,0.7914229929120454,3475.458756636206,1.0000000000000002,3475.458756636206,3475.4587566362047,0.9984275922262723,0.9984275922262723,0.9984275922262721,true
ethereum:0xdd629e5241cbc5919847783e6c96b2de4754e438,mTBILL,2026-06-01T00:00:00Z,2026-07-01T00:00:00Z,25218798,25433938,26086416,,true,0,48607409.64311267,260,68,84,44,69,0,265,6884419.242152719,1712623.9313507304,158453.6757786623,12061621.363514926,0.0,20817118.21279704,0.4282704708117825,0.24814367710754928,1.7258971729759751,0.4205912057462301,260,0.08076923076923077,0.4366179931873261,3495.964577701386,0.9999999999999997,3495.964577701386,3495.9645777013884,0.9975727853288126,0.9975727853288126,0.9975727853288129,true
ethereum:0xdd629e5241cbc5919847783e6c96b2de4754e438,mTBILL,2026-07-01T00:00:00Z,2026-08-01T00:00:00Z,25433939,25656292,26086416,,true,0,49771671.50415979,268,48,103,52,106,0,309,9398206.96301892,8233945.101971793,456762.0323402333,17189668.597396463,0.0,35278582.694727406,0.7088084773640545,0.345370530623224,2.0523131376756547,0.5127449210150508,268,0.1044776119402985,0.464803845648798,3164.407702756849,0.9999999999999996,3164.407702756849,3164.407702756852,0.9971485406367312,0.9971485406367312,0.9971485406367316,true
ethereum:0xdd629e5241cbc5919847783e6c96b2de4754e438,mTBILL,2026-08-01T00:00:00Z,2026-09-01T00:00:00Z,25656293,25878704,26086416,,true,0,66953700.9477803,281,48,109,59,66,0,282,21583695.02933855,4401665.585718034,16116.879632533957,7191772.765869392,0.0,33193250.26055851,0.4957642339509681,0.10741411847387682,4.615447587288427,0.7833362894740401,281,0.0711743772241993,0.34337737214259545,2051.9071184013224,1.0000000000000002,2051.9071184013224,2051.9071184013214,0.9956094517280832,0.9956094517280832,0.995609451728083,true
ethereum:0xdd50c053c096cb04a3e3362e2b622529ec5f2e8a,TBILL,2025-12-01T00:00:00Z,2026-01-01T00:00:00Z,23914921,24136052,26086416,,true,0,35725687.977722,29,8,14,16,16,0,54,2057977.0646490003,12620810.507487,12842125.007487,12265948.178691,0.0,39786860.758314,1.1136765450989912,0.3433369340945893,3.2436840738846153,0.6917085704951511,29,0.10344827586206896,0.6253239310196061,2491.9000464858527,1.0,2491.9000464858527,2491.9000464858527,0.9918908948504043,0.9918908948504043,0.9918908948504043,true
ethereum:0xdd50c053c096cb04a3e3362e2b622529ec5f2e8a,TBILL,2026-01-01T00:00:00Z,2026-02-01T00:00:00Z,24136053,24358292,26086416,,true,0,32051917.85883,28,5,8,6,6,0,25,376657.98104100005,4050428.0999330003,3829113.5999330003,2501139.106083,0.0,10757338.786990002,0.3356223123486652,0.0780339921342323,4.300975807713839,0.7674946233813985,28,0.03571428571428571,0.657098021401419,2533.706274830837,1.0,2533.706274830837,2533.706274830837,0.9938755804997508,0.9938755804997508,0.9938755804997508,true
ethereum:0xdd50c053c096cb04a3e3362e2b622529ec5f2e8a,TBILL,2026-02-01T00:00:00Z,2026-03-01T00:00:00Z,24358293,24558867,26086416,,true,0,24164616.830642,27,3,9,9,8,0,29,825153.5539609999,8712454.582148999,8712454.582148999,9214687.900373999,0.0,27464750.618633,1.1365688440714796,0.38132977505727683,2.980540514835915,0.6644903852095256,27,0.037037037037037035,0.8718331859448848,2572.747113303083,1.0000000000000002,2572.747113303083,2572.7471133030817,0.9959339058716046,0.9959339058716046,0.9959339058716044,true
ethereum:0xdd50c053c096cb04a3e3362e2b622529ec5f2e8a,TBILL,2026-03-01T00:00:00Z,2026-04-01T00:00:00Z,24558868,24781026,26086416,,true,0,66215995.631945,30,14,18,18,19,0,69,52607064.283038996,10555685.481736,10555685.481736,11260462.681023,0.0,84978897.927534,1.2833590602470244,0.17005653352421304,7.546661299339591,0.8674910718349702,30,0.1,0.24967501431833994,4712.9218581916075,1.0000000000000002,4712.9218581916075,4712.921858191606,0.9940803668438555,0.9940803668438555,0.9940803668438553,true
ethereum:0xdd50c053c096cb04a3e3362e2b622529ec5f2e8a,TBILL,2026-04-01T00:00:00Z,2026-05-01T00:00:00Z,24781027,24996367,26086416,,true,0,69953736.125986,31,9,10,11,13,0,43,27132549.494041003,23394809.0,23482376.0,55569374.231573,0.0,129579108.725614,1.8523543687822948,0.7943732144841142,2.3318439431335305,0.5711548352347282,31,0.06451612903225806,0.31754886657680853,4248.749472682347,1.0000000000000002,4248.749472682347,4248.749472682345,0.9931448778897762,0.9931448778897762,0.993144877889776,true
ethereum:0xdd50c053c096cb04a3e3362e2b622529ec5f2e8a,TBILL,2026-05-01T00:00:00Z,2026-06-01T00:00:00Z,24996368,25218797,26086416,,true,0,24642738.709616,29,5,13,11,8,0,37,44753513.208222,90064510.62459199,2351049.969598,2414288.921109,0.0,139583362.72352096,5.6642796228267125,0.09797161547498391,57.81551723287681,0.9827036054010886,29,0.034482758620689655,0.9047313313184666,2365.0704991191797,0.9999999999999999,2365.0704991191797,2365.07049911918,0.9878840401170388,0.9878840401170388,0.9878840401170389,true
ethereum:0xdd50c053c096cb04a3e3362e2b622529ec5f2e8a,TBILL,2026-06-01T00:00:00Z,2026-07-01T00:00:00Z,25218798,25433938,26086416,,true,0,27115025.679898,30,5,15,14,15,0,49,9609579.970529001,7137293.000247,7119863.68241,9953999.317837,0.0,33820735.971023,1.2473060645521108,0.36710270664491745,3.3977032638949622,0.7056835390464179,30,0.06666666666666667,0.8466159131980344,2109.8790981642924,1.0,2109.8790981642924,2109.8790981642924,0.9857610691149287,0.9857610691149287,0.9857610691149287,true
ethereum:0xdd50c053c096cb04a3e3362e2b622529ec5f2e8a,TBILL,2026-07-01T00:00:00Z,2026-08-01T00:00:00Z,25433939,25656292,26086416,,true,0,20849363.369146,34,10,14,16,16,0,56,1728318.3491769999,7993980.659929,8063550.659929,7931214.5265,0.0,25717064.195534997,1.2334699981099893,0.3804055973352661,3.2425127462645738,0.6915972030789961,34,0.11764705882352941,0.8912780556216164,2628.1090515922024,0.9999999999999999,2628.1090515922024,2628.109051592203,0.9672216133445903,0.9672216133445903,0.9672216133445904,true
ethereum:0xdd50c053c096cb04a3e3362e2b622529ec5f2e8a,TBILL,2026-08-01T00:00:00Z,2026-09-01T00:00:00Z,25656293,25878704,26086416,,true,0,18653320.398425,31,10,20,16,16,0,62,9717534.606536,11913577.577257,8544007.577257,8178613.285144,0.0,38353733.046194,2.0561343625144834,0.43845348229983566,4.689515411599353,0.7867583508678668,31,0.16129032258064516,0.8710269172696925,3208.3484065337366,0.9999999999999999,3208.3484065337366,3208.3484065337375,0.9767521393733947,0.9767521393733947,0.9767521393733948,true
ethereum:0x530824da86689c9c17cdc2871ff29b058345b44a,STBT,2025-12-01T00:00:00Z,2026-01-01T00:00:00Z,23914921,24136052,26086416,,false,1,3033818.044252215,68,2,1,0,25,0,28,34965.0,14117.22783581,0.0,57370.49773731177,0.0,106452.72557312177,0.03508869814219876,0.018910329129989942,1.855530800177957,0.4610706543356252,,,,,,,,,,,
ethereum:0x530824da86689c9c17cdc2871ff29b058345b44a,STBT,2026-01-01T00:00:00Z,2026-02-01T00:00:00Z,24136053,24358292,26086416,,false,1,3033818.044252215,69,0,0,0,13,0,13,0.0,0.0,0.0,11247.04152032765,0.0,11247.04152032765,0.0037072234907548174,0.0037072234907548174,1.0,0.0,,,,,,,,,,,
ethereum:0x530824da86689c9c17cdc2871ff29b058345b44a,STBT,2026-02-01T00:00:00Z,2026-03-01T00:00:00Z,24358293,24558867,26086416,,false,1,3033818.044252215,69,0,0,0,9,0,9,0.0,0.0,0.0,9901.338813477309,0.0,9901.338813477309,0.0032636561155129596,0.0032636561155129596,1.0,0.0,,,,,,,,,,,
ethereum:0x530824da86689c9c17cdc2871ff29b058345b44a,STBT,2026-03-01T00:00:00Z,2026-04-01T00:00:00Z,24558868,24781026,26086416,,false,1,152873819.04265222,70,10,1,0,53,0,64,159840000.9984,10000000.0,0.0,159853561.66424918,0.0,329693562.66264915,2.156638492629426,1.045656886609535,2.0624724230738503,0.5151450323347216,,,,,,,,,,,
ethereum:0x530824da86689c9c17cdc2871ff29b058345b44a,STBT,2026-04-01T00:00:00Z,2026-05-01T00:00:00Z,24781027,24996367,26086416,,false,1,66426138.01715311,69,0,4,0,63,0,67,0.0,86447681.0254991,0.0,95445.1548786751,0.0,86543126.18037778,1.3028474748604217,0.001436861418227091,906.7314762115153,0.9988971376573601,,,,,,,,,,,
ethereum:0x530824da86689c9c17cdc2871ff29b058345b44a,STBT,2026-05-01T00:00:00Z,2026-06-01T00:00:00Z,24996368,25218797,26086416,,false,1,3221218.656476213,70,1,1,0,45,0,47,999095.61429,64204014.97496689,0.0,1004370.0697338814,0.0,66207480.65899077,20.55355060293147,0.31179816611163913,65.91940824813024,0.9848299609086925,,,,,,,,,,,
ethereum:0x530824da86689c9c17cdc2871ff29b058345b44a,STBT,2026-06-01T00:00:00Z,2026-07-01T00:00:00Z,25218798,25433938,26086416,,false,1,19959527.941351213,72,6,2,0,46,0,54,16805409.284874998,67100.0,0.0,16810414.395028442,0.0,33682923.67990344,1.6875611376620157,0.8422250488300084,2.0036938345710813,0.5009217562352464,,,,,,,,,,,
ethereum:0x530824da86689c9c17cdc2871ff29b058345b44a,STBT,2026-07-01T00:00:00Z,2026-08-01T00:00:00Z,25433939,25656292,26086416,,false,1,20386204.331351213,72,4,0,0,200,0,204,426676.39,0.0,0.0,442085.88745700323,0.0,868762.2774570032,0.04261520503456177,0.02168554186308901,1.9651436567096887,0.4911313498198212,,,,,,,,,,,
ethereum:0x530824da86689c9c17cdc2871ff29b058345b44a,STBT,2026-08-01T00:00:00Z,2026-09-01T00:00:00Z,25656293,25878704,26086416,,false,1,20400471.719851214,72,2,1,0,136,0,139,64267.3885,50000.0,0.0,98351.80133633048,0.0,212619.18983633048,0.010422268306150773,0.0048210552523953,2.161823036766185,0.5374274475787463,,,,,,,,,,,
ethereum:0xda2ffa104356688e74d9340519b8c17f00d7752e,HLSCOPE,2025-12-01T00:00:00Z,2026-01-01T00:00:00Z,23914921,24136052,26086416,,true,0,811.732045,6,1,0,0,5,0,6,1.0,0.0,0.0,132.562555,0.0,133.562555,0.16454020242603581,0.16330826880192958,1.0075436083741747,0.007487128409605526,5,0.16666666666666666,0.8366917311980704,3415.8148433387387,0.993840331879469,3415.4354282251875,3457.903303634278,1.0,0.993840331879469,1.0,true
ethereum:0xda2ffa104356688e74d9340519b8c17f00d7752e,HLSCOPE,2026-01-01T00:00:00Z,2026-02-01T00:00:00Z,24136053,24358292,26086416,,true,0,529.172421,7,5,4,0,1,0,10,37.644562,320.204186,0.0,0.081348,0.0,357.930096,0.6763959756700926,0.0001537268322605951,4399.986428676796,0.999772726571727,6,0.14285714285714285,0.9998462731677396,6408.207563356482,0.9905512838508264,6407.314780987805,6530.134557792967,0.9999999999999999,0.9905512838508262,0.9999999999999999,true
ethereum:0xda2ffa104356688e74d9340519b8c17f00d7752e,HLSCOPE,2026-02-01T00:00:00Z,2026-03-01T00:00:00Z,24358293,24558867,26086416,,true,0,569.647783,7,1,0,0,2,0,3,40.475362,0.0,0.0,8.363066,0.0,48.83842799999999,0.0857344300416596,0.014681117437088314,5.839775508168893,0.8287605407774385,6,0.2857142857142857,0.9709875251107578,5580.43949143201,0.9912226464330853,5579.669072075623,5678.92339383932,0.9999999999999999,0.9912226464330853,1.0,true
ethereum:0xda2ffa104356688e74d9340519b8c17f00d7752e,HLSCOPE,2026-03-01T00:00:00Z,2026-04-01T00:00:00Z,24558868,24781026,26086416,,true,0,592.058597,7,2,1,0,7,0,10,30.805228,8.394414,0.0,425.17235099999994,0.0,464.3719929999999,0.7843345157945574,0.7181254577745789,1.0921970629270763,0.08441431135145994,6,0.42857142857142855,0.23440883842110652,5417.456409671724,0.9915548899630285,5416.743210836358,5509.405349518399,1.0,0.9915548899630285,1.0,true
ethereum:0xda2ffa104356688e74d9340519b8c17f00d7752e,HLSCOPE,2026-04-01T00:00:00Z,2026-05-01T00:00:00Z,24781027,24996367,26086416,,true,0,166.866246,6,0,1,0,2,0,3,0.0,425.192351,0.0,47.374781999999996,0.0,472.56713299999996,2.832011532158517,0.28390871812385593,9.975077732283813,0.899750154651572,5,0.3333333333333333,0.6939317134275317,3446.527848646801,0.9700358813129888,3437.5493645599086,3653.1991301823914,1.0,0.9700358813129888,1.0,true
ethereum:0xda2ffa104356688e74d9340519b8c17f00d7752e,HLSCOPE,2026-05-01T00:00:00Z,2026-06-01T00:00:00Z,24996368,25218797,26086416,,true,0,166.866246,5,0,0,0,2,0,2,0.0,0.0,0.0,20.03253,0.0,20.03253,0.12005142130422232,0.12005142130422232,1.0,0.0,4,0.4,0.5477979411126682,4128.912340666482,0.9700358813129889,4119.933856579589,4378.392041852882,1.0,0.9700358813129889,1.0,true
ethereum:0xda2ffa104356688e74d9340519b8c17f00d7752e,HLSCOPE,2026-06-01T00:00:00Z,2026-07-01T00:00:00Z,25218798,25433938,26086416,,true,0,159.936826,5,0,1,0,1,0,2,0.0,6.92942,0.0,0.05,0.0,6.97942,0.04363860515776398,0.0003126234354556968,139.5884,0.992836080935092,4,0.4,0.5715318246968337,4149.898813916109,0.9687376564544303,4140.125472676496,4411.650908297452,1.0,0.9687376564544303,1.0,true
ethereum:0xda2ffa104356688e74d9340519b8c17f00d7752e,HLSCOPE,2026-07-01T00:00:00Z,2026-08-01T00:00:00Z,25433939,25656292,26086416,,true,0,159.936826,3,0,0,0,2,0,2,0.0,0.0,0.0,11.637632,0.0,11.637632,0.07276392992818302,0.07276392992818302,1.0,0.0,2,0.3333333333333333,0.5485997452519159,4723.775113148699,0.9687376564544303,4714.001771909087,5023.164234033236,1.0,0.9687376564544303,1.0,true
ethereum:0xda2ffa104356688e74d9340519b8c17f00d7752e,HLSCOPE,2026-08-01T00:00:00Z,2026-09-01T00:00:00Z,25656293,25878704,26086416,,true,0,159.936826,3,0,0,0,0,0,0,0.0,0.0,0.0,0.0,0.0,0.0,0.0,0.0,,,2,0.0,1.0,4723.775113148699,0.9687376564544303,4714.001771909087,5023.164234033236,1.0,0.9687376564544303,1.0,true
ethereum:0xf5238462e7235c7b62811567e63dd17d12c2eaa0,CGT,2025-12-01T00:00:00Z,2026-01-01T00:00:00Z,23914921,24136052,26086416,,true,3,100771.01,272,0,0,0,0,0,0,0.0,0.0,0.0,0.0,0.0,0.0,0.0,0.0,,,272,0.0,0.999999999999999,9223.340986543575,0.9999999999999998,9223.340986543575,9223.340986543579,0.9920476605537646,0.9920476605537646,0.9920476605537648,true
ethereum:0xf5238462e7235c7b62811567e63dd17d12c2eaa0,CGT,2026-01-01T00:00:00Z,2026-02-01T00:00:00Z,24136053,24358292,26086416,,true,3,100771.01,272,0,0,0,0,0,0,0.0,0.0,0.0,0.0,0.0,0.0,0.0,0.0,,,272,0.0,0.999999999999999,9223.340986543575,0.9999999999999998,9223.340986543575,9223.340986543579,0.9920476605537646,0.9920476605537646,0.9920476605537648,true
ethereum:0xf5238462e7235c7b62811567e63dd17d12c2eaa0,CGT,2026-02-01T00:00:00Z,2026-03-01T00:00:00Z,24358293,24558867,26086416,,true,3,100771.01,272,0,0,0,0,0,0,0.0,0.0,0.0,0.0,0.0,0.0,0.0,0.0,,,272,0.0,0.999999999999999,9223.340986543575,0.9999999999999998,9223.340986543575,9223.340986543579,0.9920476605537646,0.9920476605537646,0.9920476605537648,true
ethereum:0xf5238462e7235c7b62811567e63dd17d12c2eaa0,CGT,2026-03-01T00:00:00Z,2026-04-01T00:00:00Z,24558868,24781026,26086416,,true,3,100771.01,272,0,0,0,0,0,0,0.0,0.0,0.0,0.0,0.0,0.0,0.0,0.0,,,272,0.0,0.999999999999999,9223.340986543575,0.9999999999999998,9223.340986543575,9223.340986543579,0.9920476605537646,0.9920476605537646,0.9920476605537648,true
ethereum:0xf5238462e7235c7b62811567e63dd17d12c2eaa0,CGT,2026-04-01T00:00:00Z,2026-05-01T00:00:00Z,24781027,24996367,26086416,,true,3,100771.01,272,0,0,0,0,0,0,0.0,0.0,0.0,0.0,0.0,0.0,0.0,0.0,,,272,0.0,0.999999999999999,9223.340986543575,0.9999999999999998,9223.340986543575,9223.340986543579,0.9920476605537646,0.9920476605537646,0.9920476605537648,true
ethereum:0xf5238462e7235c7b62811567e63dd17d12c2eaa0,CGT,2026-05-01T00:00:00Z,2026-06-01T00:00:00Z,24996368,25218797,26086416,,true,3,100771.01,272,0,0,0,0,0,0,0.0,0.0,0.0,0.0,0.0,0.0,0.0,0.0,,,272,0.0,0.999999999999999,9223.340986543575,0.9999999999999998,9223.340986543575,9223.340986543579,0.9920476605537646,0.9920476605537646,0.9920476605537648,true
ethereum:0xf5238462e7235c7b62811567e63dd17d12c2eaa0,CGT,2026-06-01T00:00:00Z,2026-07-01T00:00:00Z,25218798,25433938,26086416,,true,3,100771.01,272,0,0,0,0,0,0,0.0,0.0,0.0,0.0,0.0,0.0,0.0,0.0,,,272,0.0,0.999999999999999,9223.340986543575,0.9999999999999998,9223.340986543575,9223.340986543579,0.9920476605537646,0.9920476605537646,0.9920476605537648,true
ethereum:0xf5238462e7235c7b62811567e63dd17d12c2eaa0,CGT,2026-07-01T00:00:00Z,2026-08-01T00:00:00Z,25433939,25656292,26086416,,true,3,100771.01,272,0,0,0,3,0,3,0.0,0.0,0.0,0.0,0.0,0.0,0.0,0.0,,,272,0.0,0.999999999999999,9223.340986543575,0.9999999999999998,9223.340986543575,9223.340986543579,0.9920476605537646,0.9920476605537646,0.9920476605537648,true
ethereum:0xf5238462e7235c7b62811567e63dd17d12c2eaa0,CGT,2026-08-01T00:00:00Z,2026-09-01T00:00:00Z,25656293,25878704,26086416,,true,3,100771.01,273,0,0,0,1,0,1,0.0,0.0,0.0,1.76e-6,0.0,1.76e-6,1.746534047837766e-11,1.746534047837766e-11,1.0,0.0,273,0.007326007326007326,0.9999999823220974,9223.340986543575,0.9999999999999998,9223.340986543575,9223.340986543579,0.9920476605537646,0.9920476605537646,0.9920476605537648,true
ethereum:0x01995a697752266d8e748738aaa3f06464b8350b,CANA,2025-12-01T00:00:00Z,2026-01-01T00:00:00Z,23914921,24136052,26086416,,true,0,25921.885622484875,200,12,5,0,678,0,695,16147.263841416023,1085.152129093486,0.0,52594.11947077372,0.0,69826.53544128322,2.6937290156359253,2.0289465140280196,1.3276491011525626,0.24678893004794933,197,0.195,0.090655603197751,4080.2165133906947,0.8843080677083524,4018.9305072666443,5139.292338269969,0.9914144873473928,0.8817583723229442,0.9971167339997071,true
ethereum:0x01995a697752266d8e748738aaa3f06464b8350b,CANA,2026-01-01T00:00:00Z,2026-02-01T00:00:00Z,24136053,24358292,26086416,,true,0,30930.559271893235,202,2,0,0,286,0,288,5008.673649408362,0.0,0.0,996.064803056965,0.0,6004.738452465326,0.19413610984790255,0.03220325873519185,6.02846163626757,0.8341202017470024,199,0.0891089108910891,0.7723615722462579,3234.162696642901,0.9004229525166112,3187.31870870959,3931.2655257832344,0.9927606673535774,0.8982420400385129,0.9975779021714154,true
ethereum:0x01995a697752266d8e748738aaa3f06464b8350b,CANA,2026-02-01T00:00:00Z,2026-03-01T00:00:00Z,24358293,24558867,26086416,,true,0,30930.559271893235,207,0,0,7,845,0,852,0.0,0.0,0.058,2643.1913184149107,0.0,2643.2493184149107,0.08545753392881084,0.08545565876064817,1.000021943171346,0.000021942689853671205,204,0.10144927536231885,0.772493022382575,3230.8229008070484,0.8897188925281128,3170.986150087128,4005.7949986041885,0.9927540969625358,0.8875314096589729,0.9975413775210233,true
ethereum:0x01995a697752266d8e748738aaa3f06464b8350b,CANA,2026-03-01T00:00:00Z,2026-04-01T00:00:00Z,24558868,24781026,26086416,,true,0,30981.54690752234,218,5,0,0,369,0,374,50.98763562910338,0.0,0.0,16484.195360544574,0.0,16535.182996173677,0.5337106970652561,0.5320649549794494,1.0030931225039437,0.003083584599027467,215,0.11926605504587157,0.33429406561011976,3219.811862922323,0.8880435200254378,3159.9941328604086,4006.9855570340533,0.9925627062782935,0.8848816669469604,0.9964395291366048,true
ethereum:0x01995a697752266d8e748738aaa3f06464b8350b,CANA,2026-04-01T00:00:00Z,2026-05-01T00:00:00Z,24781027,24996367,26086416,,true,0,30999.998192796393,217,3,1,1,165,0,170,19.451285274053497,1.0,0.001,546.6233668857336,0.0,567.0756521597871,0.01829276403930762,0.017633012862973488,1.0374156805454107,0.036066237716534055,214,0.06912442396313365,0.23890375877859535,3216.601605977308,0.887463696078448,3156.0265571322993,4007.185587277849,0.9926183909464809,0.8843549829139786,0.9964970813136287,true
ethereum:0x01995a697752266d8e748738aaa3f06464b8350b,CANA,2026-05-01T00:00:00Z,2026-06-01T00:00:00Z,24996368,25218797,26086416,,true,0,30624.61669779639,221,0,1,0,115,0,116,0.0,375.381495,0.0,3831.8043777931425,0.0,4207.185872793142,0.13737921732407746,0.12512170897044605,1.09796468138496,0.08922389130166586,218,0.09049773755656108,0.16363952521829694,2818.9447631457515,0.8844717335711236,2754.7304127256402,3521.366170136043,0.9957778212098543,0.8822784551288471,0.9975202390771483,true
ethereum:0x01995a697752266d8e748738aaa3f06464b8350b,CANA,2026-06-01T00:00:00Z,2026-07-01T00:00:00Z,25218798,25433938,26086416,,true,0,30837.417783566332,223,2,0,1,302,0,305,212.80108576994098,0.0,1.2340995981789937,1809.0569572492186,0.0,2023.0921426173386,0.06560510859944542,0.05866434634527957,1.1183131269087148,0.10579606378739426,220,0.1031390134529148,0.8442430397061508,2788.013419285748,0.8845282610526066,2722.9930276516807,3480.351456888649,0.9965324195152194,0.8827460049695149,0.997985077287445,true
ethereum:0x01995a697752266d8e748738aaa3f06464b8350b,CANA,2026-07-01T00:00:00Z,2026-08-01T00:00:00Z,25433939,25656292,26086416,,true,0,30837.417783566332,222,0,0,0,70,0,70,0.0,0.0,0.0,1944.2997496882188,0.0,1944.2997496882188,0.06305001810898582,0.06305001810898582,1.0,0.0,219,0.05405405405405406,0.8226904087401125,2782.6550809070777,0.945264390426813,2758.5332060001733,3087.24873152024,0.9949147848295098,0.9431662818776445,0.997780400308721,true
ethereum:0x01995a697752266d8e748738aaa3f06464b8350b,CANA,2026-08-01T00:00:00Z,2026-09-01T00:00:00Z,25656293,25878704,26086416,,true,0,30837.417783566332,234,0,0,0,800,0,800,0.0,0.0,0.0,2864.9815675531477,0.0,2864.9815675531477,0.09290601397500715,0.09290601397500715,1.0,0.0,231,0.13247863247863248,0.9237217292010856,2780.7647344146453,0.9372676744260193,2755.7241120379317,3136.956226716486,0.9948484277076665,0.9351032087550076,0.9976906643320039,true
ethereum:0x90d53b872ce6421122b41a290acdd22a5ed931bd,ATT,2025-12-01T00:00:00Z,2026-01-01T00:00:00Z,23914921,24136052,26086416,,true,0,1825.32150863,29,0,0,0,0,0,0,0.0,0.0,0.0,0.0,0.0,0.0,0.0,0.0,,,29,0.0,1.0,6894.921079159111,0.9999999999999999,6894.921079159111,6894.921079159113,0.9923838431124202,0.9923838431124202,0.9923838431124203,true
ethereum:0x90d53b872ce6421122b41a290acdd22a5ed931bd,ATT,2026-01-01T00:00:00Z,2026-02-01T00:00:00Z,24136053,24358292,26086416,,true,0,1825.32150863,29,0,0,0,0,0,0,0.0,0.0,0.0,0.0,0.0,0.0,0.0,0.0,,,29,0.0,1.0,6894.921079159111,0.9999999999999999,6894.921079159111,6894.921079159113,0.9923838431124202,0.9923838431124202,0.9923838431124203,true
ethereum:0x90d53b872ce6421122b41a290acdd22a5ed931bd,ATT,2026-02-01T00:00:00Z,2026-03-01T00:00:00Z,24358293,24558867,26086416,,true,0,1825.32150863,29,0,0,0,0,0,0,0.0,0.0,0.0,0.0,0.0,0.0,0.0,0.0,,,29,0.0,1.0,6894.921079159111,0.9999999999999999,6894.921079159111,6894.921079159113,0.9923838431124202,0.9923838431124202,0.9923838431124203,true
ethereum:0x90d53b872ce6421122b41a290acdd22a5ed931bd,ATT,2026-03-01T00:00:00Z,2026-04-01T00:00:00Z,24558868,24781026,26086416,,true,0,1825.32150863,29,0,0,0,0,0,0,0.0,0.0,0.0,0.0,0.0,0.0,0.0,0.0,,,29,0.0,1.0,6894.921079159111,0.9999999999999999,6894.921079159111,6894.921079159113,0.9923838431124202,0.9923838431124202,0.9923838431124203,true
ethereum:0x90d53b872ce6421122b41a290acdd22a5ed931bd,ATT,2026-04-01T00:00:00Z,2026-05-01T00:00:00Z,24781027,24996367,26086416,,true,0,1825.32150863,29,0,0,0,0,0,0,0.0,0.0,0.0,0.0,0.0,0.0,0.0,0.0,,,29,0.0,1.0,6894.921079159111,0.9999999999999999,6894.921079159111,6894.921079159113,0.9923838431124202,0.9923838431124202,0.9923838431124203,true
ethereum:0x90d53b872ce6421122b41a290acdd22a5ed931bd,ATT,2026-05-01T00:00:00Z,2026-06-01T00:00:00Z,24996368,25218797,26086416,,true,0,1825.32150863,29,0,0,0,0,0,0,0.0,0.0,0.0,0.0,0.0,0.0,0.0,0.0,,,29,0.0,1.0,6894.921079159111,0.9999999999999999,6894.921079159111,6894.921079159113,0.9923838431124202,0.9923838431124202,0.9923838431124203,true
ethereum:0x90d53b872ce6421122b41a290acdd22a5ed931bd,ATT,2026-06-01T00:00:00Z,2026-07-01T00:00:00Z,25218798,25433938,26086416,,true,0,1825.32150863,29,0,0,0,0,0,0,0.0,0.0,0.0,0.0,0.0,0.0,0.0,0.0,,,29,0.0,1.0,6894.921079159111,0.9999999999999999,6894.921079159111,6894.921079159113,0.9923838431124202,0.9923838431124202,0.9923838431124203,true
ethereum:0x90d53b872ce6421122b41a290acdd22a5ed931bd,ATT,2026-07-01T00:00:00Z,2026-08-01T00:00:00Z,25433939,25656292,26086416,,true,0,1825.32150863,29,0,0,0,0,0,0,0.0,0.0,0.0,0.0,0.0,0.0,0.0,0.0,,,29,0.0,1.0,6894.921079159111,0.9999999999999999,6894.921079159111,6894.921079159113,0.9923838431124202,0.9923838431124202,0.9923838431124203,true
ethereum:0x90d53b872ce6421122b41a290acdd22a5ed931bd,ATT,2026-08-01T00:00:00Z,2026-09-01T00:00:00Z,25656293,25878704,26086416,,true,0,1825.32150863,29,0,0,0,0,0,0,0.0,0.0,0.0,0.0,0.0,0.0,0.0,0.0,,,29,0.0,1.0,6894.921079159111,0.9999999999999999,6894.921079159111,6894.921079159113,0.9923838431124202,0.9923838431124202,0.9923838431124203,true
ethereum:0x45804880de22913dafe09f4980848ece6ecbaf78,PAXG,2025-12-01T00:00:00Z,2026-01-01T00:00:00Z,23914921,24136052,26086416,"transfers, holders",,,,,,,,,,,,,,,,,,,,,,,,,,,,,,,
ethereum:0x45804880de22913dafe09f4980848ece6ecbaf78,PAXG,2026-01-01T00:00:00Z,2026-02-01T00:00:00Z,24136053,24358292,26086416,"transfers, holders",,,,,,,,,,,,,,,,,,,,,,,,,,,,,,,
ethereum:0x45804880de22913dafe09f4980848ece6ecbaf78,PAXG,2026-02-01T00:00:00Z,2026-03-01T00:00:00Z,24358293,24558867,26086416,"transfers, holders",,,,,,,,,,,,,,,,,,,,,,,,,,,,,,,
ethereum:0x45804880de22913dafe09f4980848ece6ecbaf78,PAXG,2026-03-01T00:00:00Z,2026-04-01T00:00:00Z,24558868,24781026,26086416,"transfers, holders",,,,,,,,,,,,,,,,,,,,,,,,,,,,,,,
ethereum:0x45804880de22913dafe09f4980848ece6ecbaf78,PAXG,2026-04-01T00:00:00Z,2026-05-01T00:00:00Z,24781027,24996367,26086416,"transfers, holders",,,,,,,,,,,,,,,,,,,,,,,,,,,,,,,
ethereum:0x45804880de22913dafe09f4980848ece6ecbaf78,PAXG,2026-05-01T00:00:00Z,2026-06-01T00:00:00Z,24996368,25218797,26086416,"transfers, holders",,,,,,,,,,,,,,,,,,,,,,,,,,,,,,,
ethereum:0x45804880de22913dafe09f4980848ece6ecbaf78,PAXG,2026-06-01T00:00:00Z,2026-07-01T00:00:00Z,25218798,25433938,26086416,"transfers, holders",,,,,,,,,,,,,,,,,,,,,,,,,,,,,,,
ethereum:0x45804880de22913dafe09f4980848ece6ecbaf78,PAXG,2026-07-01T00:00:00Z,2026-08-01T00:00:00Z,25433939,25656292,26086416,"transfers, holders",,,,,,,,,,,,,,,,,,,,,,,,,,,,,,,
ethereum:0x45804880de22913dafe09f4980848ece6ecbaf78,PAXG,2026-08-01T00:00:00Z,2026-09-01T00:00:00Z,25656293,25878704,26086416,"transfers, holders",,,,,,,,,,,,,,,,,,,,,,,,,,,,,,,
